"path","title","description","keywords","ogImage","h1"
"sample\01\index.html","sample","-","-","-","-"
"sample\02\index.html","sample","-","-","-","-"
"sample\03\index.html","sample","-","-","-","-"
"sample\04\index.html","sample","-","-","-","-"
"sample\05\index.html","sample","-","-","-","-"
"sample\index.html","sample","-","-","-","-"
"sample\test.html","サンプルページ01 | サイト名","ページの概要が入ります。ページの概要が入ります。ページの概要が入ります。","-","https://s-ishizaki.sakura.ne.jp/sample/01/img/common/ogp.png","
                ここにタイトルが入ります
              "
